TYPE,JOB_LINK
APPLIED_JOBS,https://www.naukri.com/job-listings-sdet-1-fynd-mumbai-all-areas-1-to-5-years-131025031409
APPLIED_JOBS,https://www.naukri.com/job-listings-selenium-c1-bck-growel-softech-pvt-ltd-bengaluru-1-to-5-years-141025918286
APPLIED_JOBS,https://www.naukri.com/job-listings-selenium-c1-bck-professional-growel-softech-pvt-ltd-karnataka-1-to-5-years-141025917058
APPLIED_JOBS,https://www.naukri.com/job-listings-qa-engineer-fresher-shvintech-india-hyderabad-0-to-1-years-260525010403
APPLIED_JOBS,https://www.naukri.com/job-listings-software-tester-ti-steps-hyderabad-chennai-bengaluru-1-to-4-years-131025015024
APPLIED_JOBS,https://www.naukri.com/job-listings-software-tester-vhr-professional-services-australia-0-to-5-years-141025004395
APPLIED_JOBS,https://www.naukri.com/job-listings-in-liberty-mutual-sdet-quality-engineer-salesforce-b1-growel-softech-pvt-ltd-india-1-to-5-years-141025917584
APPLIED_JOBS,https://www.naukri.com/job-listings-in-liberty-mutual-sdet-quality-engineer-salesforce-in-growel-softech-pvt-ltd-india-1-to-5-years-141025917548
OTHER,https://www.naukri.com/job-listings-automation-tester-sdet-nirmitee-io-pune-1-to-3-years-141025502055
APPLIED_JOBS,https://www.naukri.com/job-listings-sdet-at-a-fintech-unicorn-recruito-noida-1-to-4-years-141025012053
OTHER,https://www.naukri.com/job-listings-software-test-engineer-infinite-computer-solutions-india-pvt-ltd-bengaluru-1-to-5-years-131025500933
APPLIED_JOBS,https://www.naukri.com/job-listings-junior-test-automation-engineer-btech-fresher-clean-harbors-india-llp-hyderabad-0-to-1-years-131025012598
APPLIED_JOBS,https://www.naukri.com/job-listings-looking-for-automation-tester-full-time-guindy-chennai-vega-intellisoft-chennai-1-to-3-years-141025917657
APPLIED_JOBS,https://www.naukri.com/job-listings-opening-software-tester-work-from-office-andheri-marol-naka-prodocs-solutions-ltd-mumbai-mumbai-suburban-mumbai-all-areas-1-to-2-years-141025023085
APPLIED_JOBS,https://www.naukri.com/job-listings-ecommerce-test-analyst-tryzens-india-thiruvananthapuram-1-to-5-years-131025919300
OTHER,https://www.naukri.com/job-listings-sdet-i-deutsche-telekom-digital-labs-private-limited-gurugram-1-to-3-years-131025500691
OTHER,https://www.naukri.com/job-listings-software-tester-violet-infosystems-pvt-ltd-mumbai-malda-1-to-5-years-141025503094
APPLIED_JOBS,https://www.naukri.com/job-listings-requirement-for-cypress-testing-growel-softech-pvt-ltd-bengaluru-1-to-4-years-141025917633
APPLIED_JOBS,https://www.naukri.com/job-listings-quality-assurance-engineer-growel-softech-pvt-ltd-mumbai-vikhroli-1-to-3-years-141025916373
OTHER,https://www.naukri.com/job-listings-project-engineer-amagi-media-labs-pvt-ltd-bengaluru-1-to-2-years-141025503332
